<?xml version="1.0" encoding="UTF-8"?>
<project-private xmlns="http://www.netbeans.org/ns/project-private/1">
    <editor-bookmarks xmlns="http://www.netbeans.org/ns/editor-bookmarks/2" lastBookmarkId="0"/>
    <open-files xmlns="http://www.netbeans.org/ns/projectui-open-files/2">
        <group>
            <file>file:/C:/Users/kampu/OneDrive/Documents/NetBeansProjects/SistemBuku/src/sistembuku/model/Buku.java</file>
            <file>file:/C:/Users/kampu/OneDrive/Documents/NetBeansProjects/SistemBuku/src/sistembuku/FXMLDocumentController.java</file>
            <file>file:/C:/Users/kampu/OneDrive/Documents/NetBeansProjects/SistemBuku/src/sistembuku/FXMLDataView.fxml</file>
            <file>file:/C:/Users/kampu/OneDrive/Documents/NetBeansProjects/SistemBuku/src/sistembuku/Main.java</file>
            <file>file:/C:/Users/kampu/OneDrive/Documents/NetBeansProjects/SistemBuku/src/sistembuku/FXMLDocument.fxml</file>
            <file>file:/C:/Users/kampu/OneDrive/Documents/NetBeansProjects/SistemBuku/src/sistemakademik/db/DBHandler.java</file>
            <file>file:/C:/Users/kampu/OneDrive/Documents/NetBeansProjects/SistemBuku/src/sistembuku/model/BukuProperty.java</file>
            <file>file:/C:/Users/kampu/OneDrive/Documents/NetBeansProjects/SistemBuku/src/sistembuku/FXMLDataViewController.java</file>
        </group>
    </open-files>
</project-private>
